id,generated
0000aaaa,0.97089845
1111bbbb,0.959312
2222cccc,0.88744974
